predictor	count	pcc_o	se_o	rmse_o	pcc_template	se_template	rmse_template	pcc_alphafold	se_alphafold	rmse_alphafold	pcc_tasser	se_tasser	rmse_tasser	p_adj_z_template	p_adj_z_alphafold	p_adj_z_tasser
FoldX	460	0.55	0.04	1.47	0.52	0.04	1.48	0.54	0.04	1.47	0.39	0.04	1.72	0.18125563883676954	0.3993	0.0003
Eris	237	0.27	0.06	2.56	0.17	0.06	2.74	0.42	0.06	2.53	0.29	0.06	2.57	0.1157319899195595	0.0139	0.4298
Rosetta	378	0.53	0.04	2.42	0.44	0.05	2.66	0.47	0.05	2.97	0.29	0.05	2.96	0.01637482580091894	0.0457	4.0e-07
DDGun	546	0.5	0.04	1.57	0.51	0.04	1.56	0.5	0.04	1.57	0.49	0.04	1.59	0.05884229065453417	-	0.1568
ACDC-NN	202	0.37	0.07	1.86	0.37	0.07	1.88	0.33	0.07	1.88	0.33	0.07	1.89	0.525	0.0432	0.0207
Thermonet	543	0.42	0.04	1.66	0.4	0.04	1.69	0.39	0.04	1.68	0.32	0.04	1.76	0.29871306259258695	0.1813	0.0003
DynaMut	202	0.39	0.07	1.88	0.37	0.07	1.89	0.4	0.06	1.8	0.23	0.07	2.03	0.3774465019740745	0.4298	0.0006
